자치구,동,합계,주거,주거,주거,비주거,비주거,비주거,비주거,비주거,비주거,비주거,비주거,비주거,비주거,비주거,비주거,"운송(차량, 철도 등)",임야,기타
자치구,동,합계,단독주택,공동주택,기타주택,학교,일반업무,판매시설,숙박시설,종교시설,의료시설,공장 및 창고,작업장,위락오락시설,음식점,일반서비스시설,기타,"운송(차량, 철도 등)",임야,기타
합계,합계,"5,921","1,019","1,372",31,35,400,198,37,32,30,84,130,81,642,279,277,436,70,768
종로구,소계,260,51,35,2,2,15,17,1,2,2,2,8,3,35,9,11,14,1,50
종로구,사직동,18,1,1,-,-,2,1,-,-,-,-,-,-,6,-,1,4,-,2
종로구,삼청동,4,-,-,-,1,-,-,-,-,-,-,-,-,1,-,-,1,-,1
종로구,부암동,7,2,2,-,-,-,-,-,-,-,-,-,-,-,-,-,1,-,2
종로구,평창동,17,7,-,-,-,1,1,-,1,-,-,1,-,1,-,1,2,1,1
종로구,무악동,3,1,2,-,-,-,-,-,-,-,-,-,-,-,-,-,-,-,-
종로구,교남동,8,1,2,-,1,-,1,-,-,-,-,-,-,-,-,-,1,-,2
종로구,가회동,3,2,1,-,-,-,-,-,-,-,-,-,-,-,-,-,-,-,-
종로구,종로1.2.3.4가동,69,4,2,-,-,5,7,1,1,1,-,2,3,11,4,7,3,-,18
종로구,종로5·6가동,13,1,1,1,-,-,1,-,-,-,-,1,-,5,-,-,-,-,3
종로구,이화동,17,3,5,-,-,-,-,-,-,1,-,1,-,2,1,2,-,-,2
종로구,창신1동,16,1,3,-,-,1,2,-,-,-,-,1,-,4,-,-,-,-,4
종로구,창신2동,17,6,5,-,-,1,-,-,-,-,-,-,-,1,-,-,-,-,4
종로구,창신3동,6,3,2,-,-,-,-,-,-,-,-,-,-,-,-,-,-,-,1
종로구,숭인1동,7,6,1,-,-,-,-,-,-,-,-,-,-,-,-,-,-,-,-
종로구,숭인2동,23,2,3,1,-,3,3,-,-,-,1,2,-,1,2,-,1,-,4
종로구,청운효자동,17,6,4,-,-,-,-,-,-,-,1,-,-,-,2,-,-,-,4
종로구,혜화동,15,5,1,-,-,2,1,-,-,-,-,-,-,3,-,-,1,-,2
중구,소계,237,20,34,5,1,39,6,4,-,2,4,20,7,22,11,12,12,1,37
중구,소공동,8,-,-,-,-,1,-,1,-,-,-,-,2,1,-,-,2,-,1
중구,회현동,19,-,1,-,-,6,-,1,-,1,-,1,-,1,2,1,1,-,4
중구,명동,21,-,-,-,-,5,1,-,-,-,-,-,-,3,2,3,2,-,5
중구,필동,21,-,1,-,-,4,-,1,-,-,1,3,-,6,-,2,1,-,2
중구,장충동,3,-,1,1,-,-,-,-,-,-,-,-,-,1,-,-,-,-,-
중구,광희동,33,1,1,1,-,4,3,-,-,1,1,4,3,3,1,3,-,-,7
중구,을지로동,15,-,-,-,-,4,1,-,-,-,-,6,-,-,1,-,-,-,3
중구,신당5동,10,3,-,-,-,2,-,-,-,-,1,-,1,-,1,-,-,-,2
중구,황학동,16,5,3,-,-,2,-,-,-,-,-,1,-,2,2,1,-,-,-
중구,중림동,14,5,1,2,-,1,-,-,-,-,-,-,-,2,-,-,1,-,2
중구,신당동,20,2,2,-,1,3,-,-,-,-,1,-,1,-,1,2,3,1,3
중구,다산동,12,2,4,-,-,2,-,1,-,-,-,1,-,-,1,-,-,-,1
중구,약수동,10,-,8,-,-,1,-,-,-,-,-,-,-,-,-,-,-,-,1
중구,청구동,16,1,3,1,-,1,1,-,-,-,-,2,-,1,-,-,2,-,4
중구,동화동,19,1,9,-,-,3,-,-,-,-,-,2,-,2,-,-,-,-,2
용산구,소계,187,37,35,-,1,4,11,2,-,-,1,2,-,25,9,6,13,3,38
용산구,후암동,8,2,-,-,-,-,1,-,-,-,-,-,-,-,1,1,1,-,2
용산구,용산2가동,8,4,-,-,-,-,-,-,-,-,-,-,-,-,-,1,1,1,1
용산구,남영동,14,1,-,-,-,2,-,-,-,-,-,1,-,2,-,3,-,1,4
용산구,원효로2동,4,-,4,-,-,-,-,-,-,-,-,-,-,-,-,-,-,-,-
용산구,효창동,9,2,3,-,-,-,-,-,-,-,-,-,-,1,-,-,1,-,2
용산구,용문동,4,1,1,-,-,-,1,-,-,-,-,-,-,-,1,-,-,-,-
용산구,이촌1동,14,-,10,-,-,-,-,-,-,-,-,-,-,1,-,-,-,1,2
용산구,이촌2동,1,-,-,-,-,-,-,-,-,-,-,-,-,-,-,-,1,-,-
용산구,이태원1동,25,3,3,-,-,-,2,1,-,-,-,-,-,10,1,-,1,-,4
용산구,이태원2동,12,2,1,-,-,1,1,-,-,-,-,-,-,4,1,-,-,-,2
용산구,서빙고동,6,1,1,-,-,-,-,-,-,-,-,-,-,1,-,-,1,-,2
용산구,보광동,15,7,2,-,-,-,-,-,-,-,-,-,-,-,-,-,1,-,5
용산구,청파동,17,10,2,-,1,-,1,-,-,-,-,-,-,-,1,-,-,-,2
용산구,원효로1동,12,1,2,-,-,-,2,-,-,-,-,-,-,-,1,-,1,-,5
용산구,한강로동,16,1,1,-,-,1,1,1,-,-,1,-,-,2,1,1,1,-,5
용산구,한남동,22,2,5,-,-,-,2,-,-,-,-,1,-,4,2,-,4,-,2
성동구,소계,197,40,33,1,1,4,6,1,1,-,12,16,2,15,11,13,15,-,26
성동구,왕십리2동,8,1,2,-,-,2,-,-,1,-,-,-,-,-,2,-,-,-,-
성동구,마장동,20,3,5,-,-,-,3,-,-,-,-,-,-,2,2,2,2,-,1
성동구,사근동,11,4,-,-,-,-,1,-,-,-,-,-,-,2,-,-,1,-,3
성동구,행당1동,12,2,3,-,-,-,1,-,-,-,-,-,-,4,-,1,1,-,-
성동구,행당2동,7,1,3,-,-,-,-,-,-,-,-,-,-,-,1,-,1,-,1
성동구,응봉동,6,3,2,-,-,-,-,-,-,-,-,-,-,-,-,-,-,-,1
성동구,금호1가동,9,2,2,-,-,-,-,1,-,-,-,1,-,-,-,1,1,-,1
성동구,금호4가동,5,-,2,-,-,-,-,-,-,-,-,-,-,1,1,-,-,-,1
성동구,성수1가1동,16,4,3,-,1,1,-,-,-,-,2,2,-,-,-,1,1,-,1
성동구,성수1가2동,13,3,-,-,-,-,-,-,-,-,1,2,1,-,-,-,2,-,4
성동구,성수2가1동,13,5,1,-,-,-,1,-,-,-,1,1,-,1,-,1,2,-,-
성동구,성수2가3동,23,-,2,-,-,1,-,-,-,-,7,8,-,-,1,3,-,-,1
성동구,송정동,15,4,1,-,-,-,-,-,-,-,1,-,1,-,1,-,2,-,5
성동구,용답동,14,4,-,-,-,-,-,-,-,-,-,2,-,2,-,3,-,-,3
성동구,왕십리도선동,9,1,1,1,-,-,-,-,-,-,-,-,-,2,-,-,1,-,3
성동구,금호2.3가동,6,1,2,-,-,-,-,-,-,-,-,-,-,-,1,1,-,-,1
성동구,옥수동,10,2,4,-,-,-,-,-,-,-,-,-,-,1,2,-,1,-,-
광진구,소계,241,87,35,1,2,4,7,1,-,2,1,3,1,31,31,10,11,1,13
광진구,화양동,37,10,1,-,1,-,1,-,-,1,-,-,1,14,7,-,-,-,1
광진구,군자동,22,10,4,-,1,1,1,-,-,-,-,-,-,1,2,-,-,-,2
광진구,중곡1동,8,3,1,-,-,-,-,-,-,-,-,1,-,1,-,1,-,-,1
광진구,중곡2동,13,4,3,-,-,-,1,-,-,-,-,-,-,1,2,1,-,1,-
광진구,중곡3동,8,3,2,-,-,-,-,-,-,-,-,-,-,-,3,-,-,-,-
광진구,중곡4동,20,9,6,-,-,-,-,-,-,-,-,-,-,2,1,-,1,-,1
광진구,능동,6,2,1,-,-,-,-,-,-,-,-,-,-,1,1,1,-,-,-
광진구,구의1동,17,7,2,-,-,1,1,-,-,1,-,-,-,2,1,-,1,-,1
광진구,구의2동,18,11,1,-,-,-,-,-,-,-,-,-,-,1,2,1,2,-,-
광진구,구의3동,12,1,3,-,-,1,1,1,-,-,-,-,-,2,2,1,-,-,-
광진구,광장동,8,1,3,-,-,-,-,-,-,-,-,-,-,1,-,1,1,-,1
광진구,자양1동,12,7,-,-,-,-,1,-,-,-,-,-,-,1,2,-,1,-,-
광진구,자양2동,15,3,3,1,-,1,-,-,-,-,-,-,-,2,2,1,1,-,1
광진구,자양3동,15,6,2,-,-,-,1,-,-,-,-,-,-,-,4,2,-,-,-
광진구,자양4동,30,10,3,-,-,-,-,-,-,-,1,2,-,2,2,1,4,-,5
동대문구,소계,223,48,36,-,-,11,3,-,1,2,4,11,3,15,16,10,17,2,44
동대문구,회기동,12,2,1,-,-,1,-,-,-,-,-,1,-,1,-,1,1,-,4
동대문구,휘경1동,9,4,-,-,-,-,-,-,-,-,-,-,-,4,-,-,-,-,1
동대문구,휘경2동,8,3,-,-,-,1,-,-,-,-,-,-,-,-,-,-,3,-,1
동대문구,청량리동,9,3,2,-,-,-,-,-,-,-,-,1,-,-,1,1,1,-,-
동대문구,용신동,34,6,-,-,-,2,-,-,-,1,1,4,-,1,4,1,4,-,10
동대문구,제기동,24,7,2,-,-,1,1,-,1,-,-,-,-,1,5,-,-,-,6
동대문구,전농1동,18,3,4,-,-,-,-,-,-,-,1,1,1,1,1,2,2,-,2
동대문구,전농2동,8,1,2,-,-,-,1,-,-,-,-,-,-,1,-,1,1,-,1
동대문구,답십리1동,13,3,2,-,-,1,-,-,-,-,-,-,-,1,1,1,-,-,4
동대문구,답십리2동,10,1,3,-,-,-,1,-,-,-,1,-,-,-,1,2,-,-,1
동대문구,장안1동,25,1,10,-,-,1,-,-,-,-,1,2,1,1,1,1,4,-,2
동대문구,장안2동,22,3,6,-,-,3,-,-,-,1,-,2,-,-,1,-,-,-,6
동대문구,이문1동,22,9,2,-,-,1,-,-,-,-,-,-,1,4,1,-,1,-,3
동대문구,이문2동,9,2,2,-,-,-,-,-,-,-,-,-,-,-,-,-,-,2,3
중랑구,소계,175,51,32,-,-,4,4,2,1,-,2,9,3,17,6,11,15,4,14
중랑구,면목2동,15,7,4,-,-,1,1,-,-,-,-,-,-,-,1,-,-,-,1
중랑구,면목4동,2,-,1,-,-,-,-,-,-,-,-,-,-,-,-,-,-,-,1
중랑구,면목5동,3,1,-,-,-,-,-,-,-,-,-,-,-,-,-,-,1,-,1
중랑구,면목7동,8,2,2,-,-,-,-,-,-,-,-,-,1,2,-,1,-,-,-
중랑구,상봉1동,11,1,5,-,-,-,-,-,-,-,-,1,-,-,1,2,-,-,1
중랑구,상봉2동,15,1,-,-,-,1,-,1,-,-,-,1,1,5,-,1,2,-,2
중랑구,중화1동,7,2,1,-,-,1,-,-,-,-,-,-,-,-,1,-,1,1,-
중랑구,중화2동,25,8,4,-,-,-,1,-,-,-,1,1,1,1,-,2,5,-,1
중랑구,묵1동,13,6,3,-,-,-,-,-,-,-,1,-,-,-,-,1,-,-,2
중랑구,묵2동,5,2,1,-,-,-,-,-,1,-,-,-,-,-,-,-,1,-,-
중랑구,망우3동,9,4,-,-,-,1,-,-,-,-,-,1,-,2,-,1,-,-,-
중랑구,신내1동,12,1,3,-,-,-,-,-,-,-,-,2,-,3,-,1,2,-,-
중랑구,신내2동,3,-,1,-,-,-,1,-,-,-,-,-,-,-,1,-,-,-,-
중랑구,면목본동,11,3,1,-,-,-,-,-,-,-,-,1,-,1,1,1,-,-,3
중랑구,면목3.8동,11,7,1,-,-,-,1,-,-,-,-,-,-,1,-,-,-,1,-
중랑구,망우본동,25,6,5,-,-,-,-,1,-,-,-,2,-,2,1,1,3,2,2
성북구,소계,151,43,27,2,6,2,3,-,1,-,1,1,6,10,3,6,15,1,24
성북구,돈암1동,4,-,1,-,-,-,-,-,1,-,-,-,-,-,-,-,1,-,1
성북구,돈암2동,3,1,1,-,-,-,-,-,-,-,-,-,-,-,-,-,-,-,1
성북구,안암동,6,3,-,-,2,-,-,-,-,-,-,-,-,1,-,-,-,-,-
성북구,보문동,4,1,-,-,1,-,-,-,-,-,-,-,-,-,-,1,1,-,-
성북구,정릉1동,6,1,2,-,-,-,-,-,-,-,-,-,-,-,-,-,-,-,3
성북구,정릉2동,7,1,4,-,-,-,-,-,-,-,-,-,-,-,-,-,2,-,-
성북구,정릉3동,8,3,-,1,-,-,-,-,-,-,-,-,-,1,-,1,1,-,1
성북구,정릉4동,6,-,3,-,1,-,-,-,-,-,-,-,-,-,1,-,1,-,-
성북구,길음1동,7,-,2,-,1,-,-,-,-,-,-,-,1,-,1,1,-,-,1
성북구,길음2동,8,5,1,-,-,-,-,-,-,-,-,-,1,1,-,-,-,-,-
성북구,월곡1동,6,4,2,-,-,-,-,-,-,-,-,-,-,-,-,-,-,-,-
성북구,월곡2동,6,3,1,-,-,-,-,-,-,-,-,-,-,-,-,-,2,-,-
성북구,장위1동,11,5,1,-,-,-,-,-,-,-,-,-,1,-,1,1,1,-,1
성북구,장위2동,7,1,1,-,-,-,1,-,-,-,-,-,1,-,-,-,1,-,2
성북구,장위3동,4,3,-,-,-,-,-,-,-,-,-,-,-,-,-,-,-,-,1
성북구,성북동,9,3,-,1,-,1,-,-,-,-,-,-,-,2,-,-,-,-,2
성북구,삼선동,9,1,2,-,1,-,-,-,-,-,-,1,-,3,-,-,1,-,-
성북구,동선동,16,3,3,-,-,-,-,-,-,-,-,-,1,1,-,1,1,-,6
성북구,종암동,14,2,2,-,-,1,2,-,-,-,-,-,1,-,-,-,3,-,3
성북구,석관동,10,3,1,-,-,-,-,-,-,-,1,-,-,1,-,1,-,1,2
강북구,소계,178,55,39,-,1,6,2,-,1,2,1,1,6,17,12,9,13,3,10
강북구,번1동,22,11,2,-,-,2,1,-,-,-,-,-,-,2,1,-,1,-,2
강북구,번2동,7,1,3,-,-,-,-,-,-,-,-,-,-,-,1,-,1,1,-
강북구,번3동,7,-,4,-,-,1,-,-,-,-,-,-,-,-,1,-,1,-,-
강북구,수유1동,15,3,1,-,-,-,-,-,-,-,-,-,-,2,3,2,3,-,1
강북구,수유2동,9,1,1,-,-,1,-,-,1,1,-,-,1,1,1,1,-,-,-
강북구,수유3동,22,4,4,-,-,1,-,-,-,-,-,-,3,7,2,1,-,-,-
강북구,삼양동,15,9,3,-,-,-,-,-,-,-,-,-,1,-,-,-,1,-,1
강북구,미아동,13,5,2,-,1,-,-,-,-,-,-,-,-,2,-,1,1,-,1
강북구,송중동,21,8,4,-,-,-,-,-,-,1,-,1,1,-,1,-,1,1,3
강북구,송천동,17,9,1,-,-,-,-,-,-,-,1,-,-,1,1,-,3,-,1
강북구,삼각산동,12,-,8,-,-,-,-,-,-,-,-,-,-,1,-,2,1,-,-
강북구,우이동,8,-,5,-,-,-,-,-,-,-,-,-,-,-,-,1,-,1,1
강북구,인수동,10,4,1,-,-,1,1,-,-,-,-,-,-,1,1,1,-,-,-
도봉구,소계,188,43,71,-,-,10,3,-,1,-,3,3,2,14,6,3,7,2,20
도봉구,쌍문1동,7,2,2,-,-,-,-,-,-,-,-,-,-,-,1,-,-,-,2
도봉구,쌍문2동,14,3,7,-,-,1,-,-,1,-,-,-,-,-,1,-,1,-,-
도봉구,쌍문3동,10,2,1,-,-,-,1,-,-,-,-,-,-,2,-,-,1,-,3
도봉구,쌍문4동,10,-,5,-,-,-,1,-,-,-,-,-,-,-,1,-,2,-,1
도봉구,방학1동,24,6,8,-,-,5,-,-,-,-,-,-,-,-,2,-,2,-,1
도봉구,방학2동,21,10,3,-,-,1,-,-,-,-,-,1,-,3,-,-,-,-,3
도봉구,방학3동,9,1,7,-,-,-,-,-,-,-,-,-,-,-,-,-,-,1,-
도봉구,창1동,11,3,5,-,-,-,-,-,-,-,-,-,-,1,-,1,1,-,-
도봉구,창2동,15,5,5,-,-,-,-,-,-,-,1,1,-,1,1,-,-,-,1
도봉구,창3동,10,5,3,-,-,-,-,-,-,-,-,-,-,-,-,-,-,-,2
도봉구,창4동,13,-,7,-,-,1,-,-,-,-,2,-,-,-,-,1,-,-,2
도봉구,창5동,12,1,8,-,-,1,-,-,-,-,-,-,-,1,-,1,-,-,-
도봉구,도봉1동,21,3,6,-,-,1,1,-,-,-,-,-,1,4,-,-,-,1,4
도봉구,도봉2동,11,2,4,-,-,-,-,-,-,-,-,1,1,2,-,-,-,-,1
노원구,소계,241,21,91,1,3,8,5,-,1,-,2,4,-,15,9,18,17,9,37
노원구,월계1동,10,1,1,-,-,1,1,-,-,-,-,1,-,2,3,-,-,-,-
노원구,월계2동,20,1,12,-,1,-,-,-,-,-,-,-,-,1,-,-,1,3,1
노원구,월계3동,15,1,7,-,-,-,-,-,-,-,-,-,-,-,1,1,1,-,4
노원구,공릉2동,23,1,9,-,1,-,-,-,-,-,1,-,-,1,1,-,4,-,5
노원구,하계1동,11,-,8,-,-,-,-,-,-,-,-,-,-,-,-,-,1,1,1
노원구,하계2동,4,-,2,-,1,-,-,-,-,-,-,-,-,-,-,-,1,-,-
노원구,중계본동,12,-,4,-,-,1,-,-,-,-,-,-,-,-,-,3,-,2,2
노원구,중계1동,8,-,7,-,-,-,-,-,-,-,-,-,-,-,-,-,-,-,1
노원구,중계4동,12,-,4,-,-,1,-,-,-,-,-,-,-,1,-,2,2,-,2
노원구,상계1동,20,1,6,-,-,2,1,-,1,-,-,-,-,1,-,1,-,1,6
노원구,상계2동,19,3,1,-,-,1,-,-,-,-,1,-,-,5,1,4,1,-,2
노원구,상계5동,9,5,1,-,-,-,-,-,-,-,-,1,-,-,1,-,-,-,1
노원구,상계8동,7,-,3,-,-,-,-,-,-,-,-,-,-,-,-,1,2,1,-
노원구,상계9동,4,-,3,-,-,-,-,-,-,-,-,-,-,-,-,-,-,-,1
노원구,상계10동,2,-,2,-,-,-,-,-,-,-,-,-,-,-,-,-,-,-,-
노원구,상계3.4동,22,7,5,1,-,1,1,-,-,-,-,1,-,-,-,1,1,1,3
노원구,상계6.7동,11,-,4,-,-,1,1,-,-,-,-,-,-,1,1,1,-,-,2
노원구,중계2.3동,11,-,6,-,-,-,1,-,-,-,-,-,-,2,-,-,1,-,1
노원구,공릉1동,21,1,6,-,-,-,-,-,-,-,-,1,-,1,1,4,2,-,5
은평구,소계,244,39,83,-,2,7,2,1,4,3,1,2,5,25,15,7,18,6,24
은평구,녹번동,10,2,2,-,-,1,-,-,-,-,-,-,-,1,-,1,1,-,2
은평구,불광1동,22,3,9,-,-,-,2,-,1,-,-,-,-,-,1,-,1,1,4
은평구,갈현1동,20,4,3,-,-,-,-,-,1,-,-,2,1,5,-,1,-,-,3
은평구,갈현2동,21,2,4,-,1,1,-,-,1,1,1,-,1,1,1,2,2,1,2
은평구,구산동,17,2,7,-,-,-,-,-,-,2,-,-,-,1,1,-,2,-,2
은평구,대조동,27,4,8,-,-,2,-,-,1,-,-,-,3,3,3,3,-,-,-
은평구,응암1동,18,2,7,-,-,1,-,-,-,-,-,-,-,3,1,-,2,-,2
은평구,응암2동,6,1,1,-,-,-,-,-,-,-,-,-,-,1,1,-,1,-,1
은평구,신사1동,15,4,7,-,-,-,-,-,-,-,-,-,-,2,-,-,2,-,-
은평구,신사2동,10,2,6,-,-,-,-,-,-,-,-,-,-,-,-,-,-,1,1
은평구,증산동,11,4,3,-,-,-,-,-,-,-,-,-,-,2,1,-,-,-,1
은평구,수색동,12,3,5,-,-,1,-,-,-,-,-,-,-,-,1,-,1,-,1
은평구,진관동,14,1,3,-,1,-,-,-,-,-,-,-,-,-,-,-,3,3,3
은평구,불광2동,8,-,2,-,-,1,-,1,-,-,-,-,-,1,2,-,1,-,-
은평구,응암3동,7,2,2,-,-,-,-,-,-,-,-,-,-,1,1,-,-,-,1
은평구,역촌동,26,3,14,-,-,-,-,-,-,-,-,-,-,4,2,-,2,-,1
서대문구,소계,215,40,54,3,1,5,4,2,1,2,1,-,2,24,3,5,9,3,56
서대문구,천연동,14,1,6,-,-,-,-,-,-,1,-,-,-,1,-,-,-,2,3
서대문구,홍제1동,18,1,8,-,-,-,1,-,-,-,-,-,-,3,-,-,2,-,3
서대문구,홍제3동,15,6,3,-,-,-,-,-,-,1,-,-,1,-,-,-,1,-,3
서대문구,홍제2동,10,1,4,-,-,-,-,-,-,-,-,-,-,-,-,-,1,-,4
서대문구,홍은1동,13,4,3,-,-,-,-,-,-,-,-,-,-,1,-,-,2,1,2
서대문구,홍은2동,11,1,7,-,-,-,-,-,-,-,-,-,-,-,-,1,-,-,2
서대문구,남가좌1동,4,-,-,-,-,-,-,-,-,-,-,-,-,-,-,-,-,-,4
서대문구,남가좌2동,16,5,-,1,-,1,-,-,-,-,-,-,-,3,-,-,-,-,6
서대문구,북가좌1동,4,-,1,-,-,-,-,-,-,-,1,-,-,-,-,-,1,-,1
서대문구,북가좌2동,16,4,5,-,-,1,-,-,1,-,-,-,-,-,1,-,-,-,4
서대문구,충현동,14,7,1,-,-,-,-,-,-,-,-,-,-,2,-,1,-,-,3
서대문구,북아현동,6,1,2,-,-,-,-,-,-,-,-,-,-,-,-,-,2,-,1
서대문구,신촌동,45,3,4,-,1,2,2,2,-,-,-,-,1,12,2,2,-,-,14
서대문구,연희동,29,6,10,2,-,1,1,-,-,-,-,-,-,2,-,1,-,-,6
마포구,소계,251,44,34,-,1,16,2,-,-,1,1,7,-,56,21,8,21,4,35
마포구,용강동,10,3,-,-,-,-,1,-,-,-,-,-,-,3,2,-,-,-,1
마포구,대흥동,17,6,1,-,-,-,-,-,-,1,-,-,-,5,2,1,-,-,1
마포구,염리동,4,2,-,-,-,-,-,-,-,-,-,-,-,1,-,-,-,-,1
마포구,신수동,7,1,1,-,-,1,-,-,-,-,-,-,-,-,1,-,-,-,3
마포구,서교동,73,7,5,-,-,3,-,-,-,-,1,1,-,34,5,3,2,-,12
마포구,합정동,19,7,1,-,-,2,-,-,-,-,-,-,-,1,-,-,3,-,5
마포구,망원1동,16,4,4,-,-,2,-,-,-,-,-,-,-,-,2,-,3,1,-
마포구,망원2동,9,3,4,-,-,-,-,-,-,-,-,-,-,-,1,-,-,-,1
마포구,연남동,11,1,2,-,-,-,-,-,-,-,-,1,-,3,2,1,1,-,-
마포구,성산1동,9,2,4,-,-,1,-,-,-,-,-,-,-,1,-,-,1,-,-
마포구,성산2동,13,1,1,-,-,1,-,-,-,-,-,2,-,1,1,1,3,1,1
마포구,상암동,17,1,1,-,1,2,-,-,-,-,-,1,-,1,1,1,4,1,3
마포구,도화동,4,1,2,-,-,-,-,-,-,-,-,-,-,-,-,-,1,-,-
마포구,서강동,18,3,2,-,-,3,-,-,-,-,-,-,-,2,1,-,3,1,3
마포구,공덕동,11,1,2,-,-,1,-,-,-,-,-,1,-,2,2,-,-,-,2
마포구,아현동,13,1,4,-,-,-,1,-,-,-,-,1,-,2,1,1,-,-,2
양천구,소계,218,32,88,8,-,10,10,-,1,-,2,3,1,20,8,8,15,-,12
양천구,목1동,21,-,7,-,-,2,2,-,-,-,-,-,-,3,1,2,3,-,1
양천구,목2동,18,3,6,-,-,-,2,-,-,-,2,-,-,1,2,-,1,-,1
양천구,목3동,9,2,4,-,-,1,-,-,1,-,-,-,-,-,-,-,1,-,-
양천구,목4동,19,4,6,1,-,-,1,-,-,-,-,-,-,4,1,-,2,-,-
양천구,신월1동,10,3,2,1,-,1,1,-,-,-,-,-,-,1,1,-,-,-,-
양천구,신월2동,6,-,4,-,-,-,-,-,-,-,-,-,-,1,-,-,-,-,1
양천구,신월3동,17,7,3,2,-,-,-,-,-,-,-,-,-,1,1,-,1,-,2
양천구,신월4동,4,-,1,-,-,-,1,-,-,-,-,-,-,2,-,-,-,-,-
양천구,신월5동,7,-,4,-,-,-,1,-,-,-,-,-,-,1,-,-,1,-,-
양천구,신월6동,7,1,4,-,-,-,-,-,-,-,-,1,-,1,-,-,-,-,-
양천구,신월7동,11,-,5,1,-,1,-,-,-,-,-,1,-,1,-,-,-,-,2
양천구,신정1동,4,-,2,-,-,-,-,-,-,-,-,-,1,1,-,-,-,-,-
양천구,신정2동,9,1,5,-,-,-,-,-,-,-,-,-,-,1,-,1,-,-,1
양천구,신정3동,26,7,14,-,-,-,-,-,-,-,-,-,-,-,-,-,4,-,1
양천구,신정6동,5,-,4,-,-,1,-,-,-,-,-,-,-,-,-,-,-,-,-
양천구,신정7동,14,-,8,-,-,-,-,-,-,-,-,-,-,1,2,2,-,-,1
양천구,목5동,11,-,6,-,-,3,1,-,-,-,-,-,-,-,-,1,-,-,-
양천구,신정4동,20,4,3,3,-,1,1,-,-,-,-,1,-,1,-,2,2,-,2
강서구,소계,301,35,102,1,2,16,10,3,3,1,3,-,4,14,8,23,21,5,50
강서구,염창동,10,-,2,-,-,-,2,-,-,-,-,-,-,1,-,1,2,-,2
강서구,등촌1동,9,2,2,-,-,-,-,-,-,-,1,-,-,-,-,3,-,-,1
강서구,등촌2동,3,-,1,-,-,-,-,-,-,-,-,-,-,1,-,-,-,-,1
강서구,등촌3동,27,-,9,-,1,3,2,-,1,-,-,-,1,3,-,3,-,-,4
강서구,화곡본동,30,5,14,-,-,-,-,-,-,-,-,-,2,2,1,-,-,1,5
강서구,화곡2동,9,1,6,-,-,1,-,-,-,-,-,-,-,-,-,1,-,-,-
강서구,화곡3동,11,3,4,-,-,2,-,-,1,-,-,-,-,-,-,-,-,-,1
강서구,화곡4동,8,2,2,-,-,-,-,-,-,-,-,-,-,1,3,-,-,-,-
강서구,화곡6동,19,1,6,-,-,1,-,2,-,-,1,-,1,1,1,-,-,1,4
강서구,화곡8동,16,2,6,-,-,-,1,-,-,-,-,-,-,1,1,-,1,-,4
강서구,가양1동,17,-,5,-,-,2,-,-,-,-,-,-,-,-,-,5,2,-,3
강서구,가양2동,7,-,2,-,-,-,2,-,-,-,-,-,-,-,-,1,-,-,2
강서구,가양3동,5,-,1,-,-,-,-,-,-,-,-,-,-,-,-,1,3,-,-
강서구,발산1동,18,-,5,-,-,1,1,-,-,-,1,-,-,-,1,2,2,2,3
강서구,공항동,14,4,3,-,-,1,-,-,-,-,-,-,-,-,1,1,-,-,4
강서구,방화1동,12,3,3,-,-,1,1,-,-,-,-,-,-,-,-,1,2,-,1
강서구,방화2동,27,6,6,-,-,-,1,-,-,1,-,-,-,2,-,-,3,1,7
강서구,방화3동,12,-,5,-,-,3,-,-,-,-,-,-,-,-,-,1,1,-,2
강서구,화곡1동,36,5,15,-,-,1,-,1,1,-,-,-,-,2,-,2,3,-,6
강서구,우장산동,11,1,5,1,1,-,-,-,-,-,-,-,-,-,-,1,2,-,-
구로구,소계,221,30,54,-,1,20,9,-,-,-,11,6,2,21,16,8,18,5,20
구로구,신도림동,9,1,1,-,-,1,1,-,-,-,2,-,-,-,1,1,1,-,-
구로구,구로1동,3,-,1,-,-,-,-,-,-,-,-,-,-,-,-,-,1,-,1
구로구,구로3동,21,1,1,-,-,3,-,-,-,-,4,1,1,2,4,3,1,-,-
구로구,구로4동,16,1,9,-,-,1,-,-,-,-,-,-,-,3,1,1,-,-,-
구로구,구로5동,14,2,1,-,-,4,-,-,-,-,1,-,-,2,3,-,1,-,-
구로구,고척1동,12,-,2,-,-,1,4,-,-,-,-,1,-,1,-,-,2,-,1
구로구,고척2동,17,1,9,-,-,1,-,-,-,-,-,-,-,1,1,1,-,1,2
구로구,개봉2동,10,-,3,-,-,1,-,-,-,-,-,-,-,2,1,1,2,-,-
구로구,개봉3동,11,2,3,-,-,1,1,-,-,-,-,-,-,2,-,-,-,1,1
구로구,오류1동,13,2,4,-,-,2,1,-,-,-,1,-,-,2,-,-,1,-,-
구로구,오류2동,18,-,6,-,-,-,-,-,-,-,-,1,-,1,-,-,1,1,8
구로구,수궁동,14,1,4,-,-,-,-,-,-,-,2,-,-,1,-,1,3,1,1
구로구,가리봉동,12,4,-,-,-,1,1,-,-,-,-,-,-,1,3,-,1,-,1
구로구,구로2동,35,11,5,-,-,3,1,-,-,-,-,3,1,2,1,-,3,-,5
구로구,개봉1동,16,4,5,-,1,1,-,-,-,-,1,-,-,1,1,-,1,1,-
금천구,소계,131,15,26,-,1,12,6,-,-,-,18,8,1,15,5,5,13,-,6
금천구,가산동,36,3,4,-,-,5,1,-,-,-,9,3,-,4,1,1,5,-,-
금천구,독산1동,24,-,5,-,1,2,1,-,-,-,7,3,-,1,-,1,2,-,1
금천구,독산2동,4,-,-,-,-,-,-,-,-,-,-,-,1,2,-,-,-,-,1
금천구,독산3동,10,2,2,-,-,1,1,-,-,-,-,-,-,1,1,-,1,-,1
금천구,독산4동,12,4,1,-,-,1,-,-,-,-,-,-,-,3,-,2,-,-,1
금천구,시흥1동,16,1,-,-,-,1,2,-,-,-,2,2,-,3,3,-,1,-,1
금천구,시흥2동,7,-,4,-,-,-,-,-,-,-,-,-,-,-,-,-,3,-,-
금천구,시흥3동,4,-,1,-,-,1,-,-,-,-,-,-,-,-,-,1,1,-,-
금천구,시흥4동,6,1,3,-,-,1,-,-,-,-,-,-,-,1,-,-,-,-,-
금천구,시흥5동,12,4,6,-,-,-,1,-,-,-,-,-,-,-,-,-,-,-,1
영등포구,소계,243,42,39,-,1,17,3,1,2,1,6,13,7,36,12,12,22,3,26
영등포구,여의도동,26,-,3,-,-,8,-,-,-,-,-,-,1,4,-,-,5,1,4
영등포구,당산1동,20,2,3,-,-,2,-,-,-,-,-,3,1,1,1,2,-,-,5
영등포구,당산2동,11,-,2,-,-,2,1,-,-,-,-,-,-,-,1,2,3,-,-
영등포구,양평1동,6,1,1,-,1,-,-,-,-,-,1,-,-,-,-,-,1,-,1
영등포구,양평2동,18,3,2,-,-,-,-,-,-,-,2,1,-,1,-,1,6,1,1
영등포구,신길1동,13,6,3,-,-,1,-,-,-,-,-,-,-,2,-,-,1,-,-
영등포구,신길3동,6,1,-,-,-,-,-,-,-,-,-,-,-,-,1,-,1,-,3
영등포구,신길4동,5,2,2,-,-,-,-,-,-,-,-,-,-,-,1,-,-,-,-
영등포구,신길5동,4,1,-,-,-,-,-,-,-,-,-,-,1,1,-,-,-,-,1
영등포구,신길6동,7,2,2,-,-,-,-,-,-,-,-,-,1,2,-,-,-,-,-
영등포구,신길7동,7,1,2,-,-,-,-,-,1,-,-,-,-,1,-,1,1,-,-
영등포구,대림1동,8,4,1,-,-,-,-,-,-,-,-,1,-,1,1,-,-,-,-
영등포구,대림2동,23,6,3,-,-,-,-,-,-,-,1,-,-,9,2,-,1,-,1
영등포구,대림3동,17,3,7,-,-,-,-,-,-,-,-,1,1,3,-,1,1,-,-
영등포구,영등포본동,14,4,1,-,-,-,-,-,-,-,-,-,-,2,1,1,1,-,4
영등포구,영등포동,33,3,3,-,-,3,1,1,-,-,1,1,2,5,4,3,1,-,5
영등포구,도림동,8,3,1,-,-,-,-,-,1,-,-,-,-,2,-,-,-,1,-
영등포구,문래동,17,-,3,-,-,1,1,-,-,1,1,6,-,2,-,1,-,-,1
동작구,소계,185,39,45,2,3,5,2,-,2,1,-,-,-,21,5,12,13,-,35
동작구,노량진2동,13,9,1,-,-,-,-,-,-,-,-,-,-,-,-,-,1,-,2
동작구,상도1동,20,3,4,-,-,-,-,-,1,-,-,-,-,3,-,1,2,-,6
동작구,상도2동,13,3,3,-,-,-,-,-,1,-,-,-,-,-,-,-,-,-,6
동작구,상도3동,11,2,3,-,-,-,-,-,-,-,-,-,-,2,-,-,-,-,4
동작구,상도4동,12,5,2,1,-,-,-,-,-,-,-,-,-,2,1,-,1,-,-
동작구,사당1동,10,2,3,-,-,1,-,-,-,-,-,-,-,1,-,3,-,-,-
동작구,사당3동,12,3,1,-,-,-,-,-,-,-,-,-,-,1,-,2,2,-,3
동작구,사당4동,5,-,3,-,-,-,-,-,-,-,-,-,-,1,-,-,1,-,-
동작구,사당5동,3,-,-,-,-,-,-,-,-,-,-,-,-,-,-,-,-,-,3
동작구,대방동,21,2,13,-,-,1,-,-,-,1,-,-,-,1,-,-,-,-,3
동작구,신대방1동,5,2,1,-,-,1,-,-,-,-,-,-,-,-,-,-,-,-,1
동작구,신대방2동,12,3,3,-,-,1,-,-,-,-,-,-,-,1,-,1,2,-,1
동작구,흑석동,16,4,1,1,3,-,-,-,-,-,-,-,-,3,2,1,1,-,-
동작구,노량진1동,15,1,1,-,-,1,2,-,-,-,-,-,-,2,2,3,2,-,1
동작구,사당2동,17,-,6,-,-,-,-,-,-,-,-,-,-,4,-,1,1,-,5
관악구,소계,285,69,49,-,2,18,4,4,3,-,1,7,5,39,16,12,26,3,27
관악구,보라매동,13,5,3,-,-,1,-,-,-,-,-,-,-,-,1,-,1,-,2
관악구,청림동,6,2,1,-,-,-,-,-,-,-,-,-,-,-,-,-,1,-,2
관악구,행운동,12,3,1,-,-,2,-,-,-,-,-,-,1,2,-,1,1,-,1
관악구,낙성대동,12,2,-,-,-,1,-,1,-,-,-,2,-,2,1,-,3,-,-
관악구,중앙동,12,1,1,-,-,1,-,-,-,-,-,1,-,3,1,1,2,-,1
관악구,인헌동,12,6,3,-,-,1,-,-,-,-,-,-,-,-,-,-,-,-,2
관악구,남현동,10,1,2,-,-,-,-,-,-,-,-,-,-,1,1,1,2,1,1
관악구,서원동,12,2,2,-,-,1,-,-,-,-,-,-,-,3,-,1,1,-,2
관악구,신원동,9,1,3,-,-,2,1,-,-,-,-,-,-,-,1,-,-,1,-
관악구,서림동,10,3,1,-,-,-,-,-,-,-,1,1,-,1,-,1,-,-,2
관악구,신사동,20,8,2,-,-,-,1,-,-,-,-,1,-,4,-,2,-,-,2
관악구,신림동,30,3,2,-,-,2,1,3,-,-,-,-,1,10,4,1,1,-,2
관악구,난향동,3,1,1,-,-,-,-,-,-,-,-,-,-,-,-,-,1,-,-
관악구,조원동,11,1,2,-,-,2,-,-,-,-,-,1,1,1,-,-,2,-,1
관악구,대학동,28,8,1,-,2,2,-,-,1,-,-,-,2,4,3,1,2,1,1
관악구,은천동,20,4,6,-,-,2,-,-,-,-,-,1,-,2,1,-,2,-,2
관악구,성현동,7,-,4,-,-,-,-,-,-,-,-,-,-,-,-,1,-,-,2
관악구,청룡동,21,8,1,-,-,1,-,-,1,-,-,-,-,4,2,1,1,-,2
관악구,난곡동,12,5,4,-,-,-,-,-,-,-,-,-,-,1,1,-,1,-,-
관악구,삼성동,11,2,4,-,-,-,-,-,1,-,-,-,-,-,-,1,2,-,1
관악구,미성동,14,3,5,-,-,-,1,-,-,-,-,-,-,1,-,-,3,-,1
서초구,소계,303,22,77,1,-,38,15,6,2,4,-,-,4,37,8,13,35,1,40
서초구,서초1동,9,1,-,-,-,4,-,-,-,-,-,-,-,1,-,-,-,-,3
서초구,서초2동,23,-,2,-,-,8,2,4,-,-,-,-,-,3,-,-,2,-,2
서초구,서초3동,32,1,11,-,-,9,2,2,-,-,-,-,1,-,1,1,1,-,3
서초구,서초4동,17,1,1,-,-,2,1,-,-,1,-,-,-,4,2,-,2,-,3
서초구,잠원동,21,1,9,-,-,2,-,-,-,-,-,-,-,2,2,2,2,-,1
서초구,반포1동,23,1,11,-,-,1,2,-,-,-,-,-,-,1,1,-,3,-,3
서초구,반포2동,5,-,1,-,-,-,1,-,-,-,-,-,-,-,-,-,2,-,1
서초구,반포3동,12,-,3,-,-,2,2,-,-,-,-,-,-,2,-,-,2,-,1
서초구,반포4동,26,2,7,-,-,4,-,-,-,-,-,-,-,5,-,1,3,-,4
서초구,방배본동,10,-,4,-,-,1,-,-,-,-,-,-,1,4,-,-,-,-,-
서초구,방배1동,11,1,3,-,-,-,1,-,-,-,-,-,-,1,2,1,-,-,2
서초구,방배2동,25,8,3,1,-,1,2,-,-,1,-,-,-,1,-,-,2,-,6
서초구,방배3동,14,1,8,-,-,-,-,-,-,1,-,-,-,-,-,-,2,-,2
서초구,방배4동,14,1,4,-,-,-,-,-,-,-,-,-,-,4,-,1,2,-,2
서초구,양재1동,22,1,4,-,-,3,1,-,1,1,-,-,2,2,-,-,4,-,3
서초구,양재2동,24,3,5,-,-,1,-,-,-,-,-,-,-,6,-,2,4,1,2
서초구,내곡동,15,-,1,-,-,-,1,-,1,-,-,-,-,1,-,5,4,-,2
강남구,소계,504,30,116,1,1,99,23,5,2,5,1,-,5,59,24,17,29,1,86
강남구,신사동,37,2,2,-,-,8,3,-,-,-,1,-,-,8,1,-,1,-,11
강남구,논현1동,45,6,7,-,-,8,-,-,-,-,-,-,-,7,3,2,4,-,8
강남구,논현2동,30,2,8,-,-,3,-,2,-,-,-,-,-,4,1,-,2,-,8
강남구,삼성1동,14,1,2,-,-,4,1,-,-,1,-,-,-,2,1,-,-,-,2
강남구,삼성2동,27,2,5,-,-,6,-,1,-,-,-,-,-,2,3,1,1,-,6
강남구,대치1동,7,-,5,-,-,2,-,-,-,-,-,-,-,-,-,-,-,-,-
강남구,대치4동,25,-,2,-,-,10,3,-,-,-,-,-,-,3,-,2,-,-,5
강남구,역삼1동,85,6,12,-,-,26,2,1,-,1,-,-,1,17,4,3,1,-,11
강남구,역삼2동,25,3,6,-,-,5,1,1,-,1,-,-,1,1,1,1,-,-,4
강남구,도곡1동,7,-,1,-,-,1,2,-,-,-,-,-,-,-,-,-,3,-,-
강남구,도곡2동,15,1,6,-,-,4,1,-,-,-,-,-,-,1,-,-,-,-,2
강남구,개포1동,12,1,7,1,-,-,-,-,-,-,-,-,-,-,-,-,-,-,3
강남구,개포4동,14,1,2,-,-,3,1,-,1,-,-,-,-,1,1,1,1,1,1
강남구,일원본동,4,-,2,-,-,-,-,-,-,-,-,-,-,-,-,-,1,-,1
강남구,일원1동,11,2,3,-,-,-,-,-,-,-,-,-,1,-,-,-,2,-,3
강남구,일원2동,7,-,4,-,-,-,-,-,-,-,-,-,-,-,-,1,-,-,2
강남구,수서동,19,-,12,-,-,1,-,-,-,-,-,-,-,1,-,1,1,-,3
강남구,세곡동,11,1,2,-,-,-,1,-,-,-,-,-,-,-,-,1,4,-,2
강남구,압구정동,33,-,4,-,-,8,2,-,-,1,-,-,1,2,4,2,2,-,7
강남구,청담동,35,2,6,-,-,3,1,-,-,1,-,-,1,9,4,1,2,-,5
강남구,대치2동,24,-,8,-,-,4,3,-,1,-,-,-,-,1,1,1,4,-,1
강남구,개포2동,17,-,10,-,1,3,2,-,-,-,-,-,-,-,-,-,-,-,1
송파구,소계,278,39,78,2,1,21,30,1,2,1,3,-,9,22,5,20,27,5,12
송파구,풍납1동,10,3,1,-,-,-,-,-,-,1,-,-,-,1,1,-,2,1,-
송파구,풍납2동,6,2,-,-,-,1,1,-,-,-,-,-,-,1,-,-,1,-,-
송파구,거여1동,3,1,-,-,-,-,1,-,-,-,-,-,-,-,-,-,1,-,-
송파구,거여2동,8,4,1,-,-,-,-,-,-,-,-,-,-,1,-,2,-,-,-
송파구,마천1동,10,4,4,-,-,-,-,-,-,-,-,-,-,-,-,1,-,1,-
송파구,마천2동,11,2,5,1,-,-,-,-,-,-,-,-,-,1,-,-,-,-,2
송파구,방이1동,8,-,1,-,-,-,2,-,-,-,-,-,-,-,1,4,-,-,-
송파구,방이2동,25,1,9,-,-,3,2,-,1,-,-,-,3,3,-,1,2,-,-
송파구,오륜동,6,-,3,-,-,-,-,-,-,-,-,-,-,-,-,-,3,-,-
송파구,오금동,22,3,7,-,-,1,1,-,-,-,1,-,1,1,-,3,3,1,-
송파구,송파1동,16,4,5,1,-,1,4,-,-,-,-,-,1,-,-,-,-,-,-
송파구,송파2동,4,1,2,-,-,1,-,-,-,-,-,-,-,-,-,-,-,-,-
송파구,석촌동,19,4,3,-,-,3,2,-,-,-,-,-,2,3,-,2,-,-,-
송파구,삼전동,14,6,3,-,-,1,-,-,-,-,-,-,-,-,-,1,2,-,1
송파구,가락본동,24,1,4,-,-,3,6,-,-,-,1,-,1,7,1,-,-,-,-
송파구,가락1동,8,-,-,-,-,-,4,-,-,-,-,-,-,-,-,1,1,-,2
송파구,가락2동,11,1,6,-,-,2,-,-,-,-,-,-,-,1,-,-,1,-,-
송파구,문정1동,10,1,3,-,-,1,1,-,-,-,-,-,-,-,1,-,-,1,2
송파구,문정2동,11,-,4,-,-,2,2,-,-,-,-,-,-,-,-,1,2,-,-
송파구,장지동,8,-,2,-,-,-,-,-,-,-,1,-,-,-,-,1,1,1,2
송파구,위례동,3,-,1,-,-,-,-,-,-,-,-,-,-,-,-,1,-,-,1
송파구,잠실본동,15,1,3,-,-,2,2,1,-,-,-,-,1,3,-,1,1,-,-
송파구,잠실4동,4,-,3,-,-,-,-,-,1,-,-,-,-,-,-,-,-,-,-
송파구,잠실6동,8,-,2,-,-,-,1,-,-,-,-,-,-,-,-,1,3,-,1
송파구,잠실2동,8,-,3,-,1,-,-,-,-,-,-,-,-,-,1,-,3,-,-
송파구,잠실3동,6,-,3,-,-,-,1,-,-,-,-,-,-,-,-,-,1,-,1
강동구,소계,264,47,59,1,2,9,11,3,1,1,3,6,3,37,10,18,20,7,26
강동구,강일동,15,1,2,-,-,-,1,-,-,-,-,-,-,1,-,1,4,2,3
강동구,상일동,21,4,3,-,1,-,-,-,-,-,-,-,-,3,1,-,2,2,5
강동구,명일1동,11,1,5,-,-,-,1,-,1,-,-,-,-,2,-,-,-,-,1
강동구,명일2동,13,1,4,-,-,-,1,-,-,-,-,-,-,2,-,-,2,-,3
강동구,고덕1동,3,1,1,-,-,-,-,-,-,-,-,-,-,-,-,1,-,-,-
강동구,고덕2동,9,3,2,-,-,-,-,-,-,-,-,1,-,-,1,1,-,-,1
강동구,암사2동,5,-,3,-,-,-,-,-,-,-,-,-,-,-,-,1,1,-,-
강동구,암사3동,10,-,1,-,-,-,-,-,-,-,-,1,-,-,-,4,1,1,2
강동구,천호1동,12,2,7,-,1,-,-,-,-,-,-,-,-,-,1,1,-,-,-
강동구,천호3동,20,8,1,-,-,2,-,-,-,1,-,-,-,4,1,1,-,-,2
강동구,성내1동,12,-,2,-,-,-,1,-,-,-,-,-,-,4,-,3,-,-,2
강동구,성내2동,19,9,1,-,-,1,-,-,-,-,-,-,-,2,1,1,2,-,2
강동구,성내3동,20,1,3,-,-,1,3,-,-,-,1,-,1,4,2,2,2,-,-
강동구,둔촌1동,8,-,4,-,-,-,1,-,-,-,-,-,-,-,-,-,1,1,1
강동구,둔촌2동,11,2,2,-,-,2,-,-,-,-,-,-,-,-,-,-,3,1,1
강동구,암사1동,15,2,6,-,-,-,-,-,-,-,1,1,-,3,-,2,-,-,-
강동구,천호2동,29,5,2,1,-,1,1,2,-,-,1,2,1,7,2,-,2,-,2
강동구,길동,31,7,10,-,-,2,2,1,-,-,-,1,1,5,1,-,-,-,1
